Arctic.Temp.Approx.Time.A,Arctic.Temp.Approx.Temp.A,Bacu_Theta_N_Approx.Ne.A,Bmus_Theta_N_Approx.Ne.A,Bmys_Theta_N_Approx.Ne.A,Bphy_Theta_N_Approx.Ne.A,Char_COI_Theta_N_Approx.Ne.A,Chel_16S_Theta_N_Approx.Ne.A,Ctyp_COI_Theta_N_Approx.Ne.A,Euba_Theta_N_Approx.Ne.A,Mnor_NE_ND1_Theta_N_NE_Approx.Ne.A,Mnor_SE_ND1_Theta_N_SE_Approx.Ne.A,Mnor_W_ND1_Theta_N_W_Approx.Ne.A,Mnov_Theta_N_Approx.Ne.A,Mvil_Theta_N_Approx.Ne.A,Pabd_COI_Theta_N_Approx.Ne.A
0,-0.0479,,,,,,,,,,,,,,
5000,-0.4432,0.023821394,0.018885713,0.035417022,0.010644159,0.020076689,0.029065077,0.509686316,0.00345484,0.035166362,0.027920528,0.021481445,0.012621664,0.023047525,0.177682212
10000,-0.8871,0.019575428,0.012604913,0.02488111,0.007613028,0.003992922,0.022003673,0.252225591,0.009437332,0.029715905,0.025633236,0.020180991,0.017861421,0.017166125,0.121415039
15000,-7.929,0.018628519,0.011833924,0.019021182,0.010451222,0.003231851,0.015622924,0.134967828,0.007117524,0.025712701,0.02508662,0.018764942,0.012021474,0.025746552,0.084558825
20000,-15.759,0.021237817,0.014463507,0.019525906,0.013947848,0.005311898,0.011961754,0.065498694,0.006444405,0.022567691,0.024835613,0.017750735,0.010534099,0.028815504,0.072039096
25000,-13.156,0.026281734,0.018195946,0.02502067,0.020979653,,0.010995459,0.033277321,0.006495842,0.020565771,0.024436182,0.0175742,0.013312749,0.029164343,0.077776112
30000,-13.793,0.031592615,0.020733866,,0.01566575,,0.011406975,0.02007511,0.006446323,0.019601487,0.024235246,0.018133809,0.01716702,0.029178151,0.087327796
