Antarctic.Temp.Approx.Time.A,Antarctic.Temp.Approx.Temp.A,Bacu_Theta_S_Approx.Ne.A,Bbon_Theta_S_Approx.Ne.A,Bmus_Theta_S_Approx.Ne.A,Bphy_Theta_S_Approx.Ne.A,Esup_COI_Theta_S_Approx.Ne.A,Euba_Theta_S_Approx.Ne.A,Mnov_Theta_S_Approx.Ne.A,Pabd_COI_Theta_S_Approx.Ne.A
0,,,,,,,,,
5000,0.723157895,0.016412573,0.235734174,0.101386118,0.086563212,0.274551778,0.110174862,0.166812346,0.217838574
10000,-0.163333333,0.022639724,0.101579822,0.036068141,0.019634669,0.136692629,0.06505187,0.081217393,0.146091213
15000,-3.764615385,0.021572602,0.032102415,0.026068114,0.012139295,0.071198712,0.038815053,0.030668335,0.117252076
20000,-9.647708333,0.025580468,0.016194159,0.036235992,0.015001297,0.03982123,0.026157917,0.019437603,0.112396327
25000,-9.6628,0.031898367,0.016571169,0.06772062,0.021214875,0.027958028,0.022098366,0.024883867,0.120455275
30000,-9.696346154,0.039816278,0.021941772,0.06766233,0.020697788,0.018935096,0.023732757,0.03494127,0.131263225
